num, ref
5574631, 2
5574633, 0
5574692, 9
5575066, 10
5575073, 14
5577683, 12
5577685, 13
5577691, 16
5577699, 17
5577708, 8
5577710, 40
5577714, 39
5577720, 11
5577845, 41
5577855, 38
5577860, 4
5577969, 7
5577977, 6
5579948, 31
5580031, 30
5581249, 1
5581252, 36
5581264, 5
5581268, 37
5581279, 3
5581281, 26
5581287, 15
5581295, 27
5581296, 24
5581299, 28
5581715, 23
5581716, 25
5581720, 22
5581744, 29
5581748, 21
5581755, 34
5591578, 35
5591598, 33
5591649, 19
5595425, 58
5595431, 45
5596271, 74
5596272, 44
5596273, 50
5596276, 53
5596442, 46
5596495, 52
5596520, 54
5600722, 79
5600764, 43
5600771, 47
5600775, 56
5600785, 32
5600790, 20
5600899, 83
5601033, 51
5601663, 55
5602133, 78
5602176, 67
5602187, 82
5605466, 65
5605469, 49
5605491, 75
5605502, 66
